{"cameraMode":{"drawMode":0,"name":"Shaded","section":"Shading Mode"},"sceneLighting":false,"audioPlay":false,"sceneViewState":{"showFog":true,"showMaterialUpdate":false,"showSkybox":true,"showFlares":true,"showImageEffects":true,"showParticleSystems":true},"in2DMode":false,"pivot":{"x":-9.039999961853028,"y":-0.19623804092407227,"z":0.690000057220459},"rotation":{"x":-0.15669256448745728,"y":0.0760704055428505,"z":-0.012071066536009312,"w":-0.984639585018158},"size":15.772391319274903,"orthographic":false}