{"cameraMode":{"drawMode":0,"name":"Shaded","section":"Shading Mode"},"sceneLighting":false,"audioPlay":false,"sceneViewState":{"showFog":true,"showMaterialUpdate":false,"showSkybox":true,"showFlares":true,"showImageEffects":true,"showParticleSystems":true},"in2DMode":false,"pivot":{"x":-9.039999961853028,"y":-0.19623804092407227,"z":0.690000057220459},"rotation":{"x":-0.15669254958629609,"y":0.0760703980922699,"z":-0.012071065604686737,"w":-0.9846395254135132},"size":15.772391319274903,"orthographic":false}