{"cameraMode":{"drawMode":0,"name":"Shaded","section":"Shading Mode"},"sceneLighting":false,"audioPlay":false,"sceneViewState":{"showFog":true,"showMaterialUpdate":false,"showSkybox":true,"showFlares":true,"showImageEffects":true,"showParticleSystems":true},"in2DMode":false,"pivot":{"x":-3.8978490829467775,"y":5.026880264282227,"z":-0.0060787200927734379},"rotation":{"x":0.27737662196159365,"y":-0.08889471739530564,"z":0.025804821401834489,"w":0.9562918543815613},"size":29.364032745361329,"orthographic":false}