{"cameraMode":{"drawMode":0,"name":"Shaded","section":"Shading Mode"},"sceneLighting":false,"audioPlay":false,"sceneViewState":{"showFog":true,"showMaterialUpdate":false,"showSkybox":true,"showFlares":true,"showImageEffects":true,"showParticleSystems":true},"in2DMode":false,"pivot":{"x":0.20585069060325623,"y":1.1198060512542725,"z":-0.3130979537963867},"rotation":{"x":0.12052401155233383,"y":-0.7286295294761658,"z":0.13279607892036439,"w":0.6610130667686462},"size":7.0149970054626469,"orthographic":false}