{"cameraMode":{"drawMode":0,"name":"Shaded","section":"Shading Mode"},"sceneLighting":false,"audioPlay":false,"sceneViewState":{"showFog":true,"showMaterialUpdate":false,"showSkybox":true,"showFlares":true,"showImageEffects":true,"showParticleSystems":true},"in2DMode":false,"pivot":{"x":-0.38099998235702517,"y":0.16369284689426423,"z":-3.265000104904175},"rotation":{"x":0.11334402859210968,"y":-0.8575724363327026,"z":0.21423731744289399,"w":0.45367950201034548},"size":3.9226551055908205,"orthographic":false}