{"cameraMode":{"drawMode":0,"name":"Shaded","section":"Shading Mode"},"sceneLighting":true,"audioPlay":false,"sceneViewState":{"showFog":true,"showMaterialUpdate":false,"showSkybox":true,"showFlares":true,"showImageEffects":true,"showParticleSystems":true},"in2DMode":false,"pivot":{"x":21.647964477539064,"y":6.629628658294678,"z":4.108829498291016},"rotation":{"x":-0.08653394877910614,"y":0.21843606233596803,"z":-0.019450346007943155,"w":-0.97181236743927},"size":69.07984161376953,"orthographic":false}