{"cameraMode":{"drawMode":0,"name":"Shaded","section":"Shading Mode"},"sceneLighting":true,"audioPlay":false,"sceneViewState":{"showFog":true,"showMaterialUpdate":false,"showSkybox":true,"showFlares":true,"showImageEffects":true,"showParticleSystems":true},"in2DMode":false,"pivot":{"x":30.14776039123535,"y":8.631548881530762,"z":-45.71391677856445},"rotation":{"x":0.03781437873840332,"y":-0.3754306733608246,"z":0.015318053774535656,"w":0.925952136516571},"size":18.610197067260743,"orthographic":false}