{"cameraMode":{"drawMode":0,"name":"Shaded","section":"Shading Mode"},"sceneLighting":false,"audioPlay":false,"sceneViewState":{"showFog":true,"showMaterialUpdate":false,"showSkybox":true,"showFlares":true,"showImageEffects":true,"showParticleSystems":true},"in2DMode":false,"pivot":{"x":-9.179661750793457,"y":3.1643905639648439,"z":1.7788796424865723},"rotation":{"x":-0.15669256448745728,"y":0.0760704055428505,"z":-0.012071066536009312,"w":-0.984639585018158},"size":4.175994396209717,"orthographic":false}