{"cameraMode":{"drawMode":0,"name":"Shaded","section":"Shading Mode"},"sceneLighting":false,"audioPlay":false,"sceneViewState":{"showFog":true,"showMaterialUpdate":false,"showSkybox":true,"showFlares":true,"showImageEffects":true,"showParticleSystems":true},"in2DMode":false,"pivot":{"x":1.067779541015625,"y":2.5586087703704836,"z":-3.3212149143218996},"rotation":{"x":-0.24831141531467439,"y":0.44382381439208987,"z":-0.12942419946193696,"w":-0.8512409925460815},"size":3.9494287967681886,"orthographic":false}